<KnownKFactorsPowered>
  <Year>2012</Year>
  <Primary>       7 15 14 10  4 10  0  0  0  0  0  0 0 0 0 0 0 0 0 0  3 </Primary>
  <Sportsman>    17  7  4 14 15 16 14 17 10 10  0  0 0 0 0 0 0 0 0 0  6 </Sportsman>
  <Intermediate> 23  9 12 11 17 14 15 14 25 21 14 10 0 0 0 0 0 0 0 0  8 </Intermediate>
  <Advanced>     25 35 34 28 24 25 36 20 30  0  0  0 0 0 0 0 0 0 0 0 12 </Advanced>
  <Unlimited>    45 42 55 28 25 35 23 48 41  0  0  0 0 0 0 0 0 0 0 0 20 </Unlimited>
  <FourMinute>   40 40 40 40 40 40 40 40 40 40  0  0 0 0 0 0 0 0 0 0  0 </FourMinute>
</KnownKFactorsPowered>
