<Regions>
  <State>
    <Id>AK</Id>
    <Region>SouthCentral</Region>
  </State>
  <State>
    <Id>AL</Id>
    <Region>SouthEast</Region>
  </State>
  <State>
    <Id>AR</Id>
    <Region>SouthCentral</Region>
  </State>
  <State>
    <Id>AZ</Id>
    <Region>SouthWest</Region>
  </State>
  <State>
    <Id>CA</Id>
    <Region>SouthWest</Region>
  </State>
  <State>
    <Id>CO</Id>
    <Region>SouthCentral</Region>
  </State>
  <State>
    <Id>CT</Id>
    <Region>NorthEast</Region>
  </State>
  <State>
    <Id>DC</Id>
    <Region>NorthEast</Region>
  </State>
  <State>
    <Id>DE</Id>
    <Region>NorthEast</Region>
  </State>
  <State>
    <Id>FL</Id>
    <Region>SouthEast</Region>
  </State>
  <State>
    <Id>GA</Id>
    <Region>SouthEast</Region>
  </State>
  <State>
    <Id>HI</Id>
    <Region>SouthWest</Region>
  </State>
  <State>
    <Id>IA</Id>
    <Region>MidAmerica</Region>
  </State>
  <State>
    <Id>ID</Id>
    <Region>NorthWest</Region>
  </State>
  <State>
    <Id>IL</Id>
    <Region>MidAmerica</Region>
  </State>
  <State>
    <Id>IN</Id>
    <Region>MidAmerica</Region>
  </State>
  <State>
    <Id>KS</Id>
    <Region>SouthCentral</Region>
  </State>
  <State>
    <Id>KY</Id>
    <Region>MidAmerica</Region>
  </State>
  <State>
    <Id>LA</Id>
    <Region>SouthCentral</Region>
  </State>
  <State>
    <Id>MA</Id>
    <Region>NorthEast</Region>
  </State>
  <State>
    <Id>MD</Id>
    <Region>NorthEast</Region>
  </State>
  <State>
    <Id>ME</Id>
    <Region>NorthEast</Region>
  </State>
  <State>
    <Id>MI</Id>
    <Region>MidAmerica</Region>
  </State>
  <State>
    <Id>MN</Id>
    <Region>MidAmerica</Region>
  </State>
  <State>
    <Id>MO</Id>
    <Region>SouthCentral</Region>
  </State>
  <State>
    <Id>MS</Id>
    <Region>SouthEast</Region>
  </State>
  <State>
    <Id>MT</Id>
    <Region>NorthWest</Region>
  </State>
  <State>
    <Id>NC</Id>
    <Region>NorthEast</Region>
  </State>
  <State>
    <Id>ND</Id>
    <Region>MidAmerica</Region>
  </State>
  <State>
    <Id>NE</Id>
    <Region>SouthCentral</Region>
  </State>
  <State>
    <Id>NH</Id>
    <Region>NorthEast</Region>
  </State>
  <State>
    <Id>NJ</Id>
    <Region>NorthEast</Region>
  </State>
  <State>
    <Id>NM</Id>
    <Region>SouthWest</Region>
  </State>
  <State>
    <Id>NV</Id>
    <Region>SouthWest</Region>
  </State>
  <State>
    <Id>NY</Id>
    <Region>NorthEast</Region>
  </State>
  <State>
    <Id>OH</Id>
    <Region>MidAmerica</Region>
  </State>
  <State>
    <Id>OK</Id>
    <Region>SouthCentral</Region>
  </State>
  <State>
    <Id>OR</Id>
    <Region>NorthWest</Region>
  </State>
  <State>
    <Id>PA</Id>
    <Region>NorthEast</Region>
  </State>
  <State>
    <Id>RI</Id>
    <Region>NorthEast</Region>
  </State>
  <State>
    <Id>SC</Id>
    <Region>SouthEast</Region>
  </State>
  <State>
    <Id>SD</Id>
    <Region>MidAmerica</Region>
  </State>
  <State>
    <Id>TN</Id>
    <Region>SouthEast</Region>
  </State>
  <State>
    <Id>TX</Id>
    <Region>SouthCentral</Region>
  </State>
  <State>
    <Id>UT</Id>
    <Region>SouthWest</Region>
  </State>
  <State>
    <Id>VA</Id>
    <Region>NorthEast</Region>
  </State>
  <State>
    <Id>VT</Id>
    <Region>NorthEast</Region>
  </State>
  <State>
    <Id>WA</Id>
    <Region>NorthWest</Region>
  </State>
  <State>
    <Id>WI</Id>
    <Region>MidAmerica</Region>
  </State>
  <State>
    <Id>WV</Id>
    <Region>NorthEast</Region>
  </State>
  <State>
    <Id>WY</Id>
    <Region>NorthWest</Region>
  </State>
</Regions>