<SMSProviders>
	<Provider>
		<Name>Alaska Communications</Name>
		<Domain>msg.acsalaska.com</Domain>
	</Provider>


	<Provider>
		<Name>Alltel (Allied Wireless)</Name>
		<Domain>sms.alltelwireless.com</Domain>
	</Provider>

 
	<Provider>
		<Name>Verizon Wireless (Alltel)</Name>
		<Domain>message.Alltel.com</Domain>
	</Provider>


	<Provider>
		<Name>Ameritech</Name>
		<Domain>paging.acswireless.com</Domain>
	</Provider>


	<Provider>
		<Name>AT&amp;T Wireless</Name>
		<Domain>txt.att.net</Domain>
	</Provider>
 

 	<Provider>
		<Name>AT&amp;T Mobility</Name>
		<Domain>txt.att.net</Domain>
	</Provider>
 

	<Provider>
		<Name>AT&amp;T Enterprise Paging</Name>
		<Domain>page.att.net</Domain>
	</Provider>
 

	<Provider>
		<Name>AT&amp;T Global Smart Messaging Suite</Name>
		<Domain>sms.smartmessagingsuite.com</Domain>
	</Provider>


	<Provider>
		<Name>BellSouth</Name>
		<Domain>bellsouth.cl</Domain>
	</Provider>


	<Provider>
		<Name>Bluegrass Cellular</Name>
		<Domain>sms.bluecell.com</Domain>
	</Provider>


	<Provider>
		<Name>Boost Mobile</Name>
		<Domain>myboostmobile.com</Domain>
	</Provider>
 

	<Provider>
		<Name>Cellcom</Name>
		<Domain>cellcom.quiktxt.com</Domain>
	</Provider>
 

	<Provider>
		<Name>Cellular One</Name>
		<Domain>mobile.celloneusa.com</Domain>
	</Provider>


	<Provider>
		<Name>Cellular South</Name>
		<Domain>csouth1.com</Domain>
	</Provider>
 

	<Provider>
		<Name>Centennial Wireless</Name>
		<Domain>cwemail.com</Domain>
	</Provider>
 

	<Provider>
		<Name>Chariton Valley Wireless</Name>
		<Domain>sms.cvalley.net</Domain>
	</Provider>
 

	<Provider>
		<Name>Cincinnati Bell</Name>
		<Domain>gocbw.com</Domain>
	</Provider>
 

	<Provider>
		<Name>Cingular</Name>
		<Domain>cingular.com </Domain>
	</Provider>


	<Provider>
		<Name>Cingular (GoPhone prepaid)</Name>
		<Domain>cingulartext.com</Domain>
	</Provider>
 

	<Provider>
		<Name>Cleartalk Wireless</Name>
		<Domain>sms.cleartalk.us</Domain>
	</Provider>


	<Provider>
		<Name>Cricket</Name>
		<Domain>sms.mycricket.com</Domain>
	</Provider>


	<Provider>
		<Name>C Spire Wireless</Name>
		<Domain>cspire1.com</Domain>
	</Provider>


	<Provider>
		<Name>Edge Wireless</Name>
		<Domain>sms.edgewireless.com</Domain>
	</Provider>


	<Provider>
		<Name>Element Mobile</Name>
		<Domain>SMS.elementmobile.net</Domain>
	</Provider>
 

	<Provider>
		<Name>Esendex</Name>
		<Domain>echoemail.net</Domain>
	</Provider>


	<Provider>
		<Name>General Communications Inc.</Name>
		<Domain>mobile.gci.net</Domain>
	</Provider>


	<Provider>
		<Name>Globalstar</Name>
		<Domain>msg.globalstarusa.com</Domain>
	</Provider>
 

	<Provider>
		<Name>Golden State Cellular</Name>
		<Domain>gscsms.com</Domain>
	</Provider>


	<Provider>
		<Name>Hawaiian Telcom Wireless</Name>
		<Domain>hawaii.sprintpcs.com</Domain>
	</Provider>
 

	<Provider>
		<Name>Helio</Name>
		<Domain>myhelio.com</Domain>
	</Provider>
 

	<Provider>
		<Name>Iridium</Name>
		<Domain>msg.iridium.com</Domain>
	</Provider>
 

	<Provider>
		<Name>Kajeet</Name>
		<Domain>mobile.kajeet.net</Domain>
	</Provider>
 

	<Provider>
		<Name>LongLines</Name>
		<Domain>text.longlines.com</Domain>
	</Provider>


	<Provider>
		<Name>MetroPCS</Name>
		<Domain>mymetropcs.com</Domain>
	</Provider>
 

	<Provider>
		<Name>Nextel</Name>
		<Domain>messaging.nextel.com</Domain>
	</Provider>
 

	<Provider>
		<Name>O2</Name>
		<Domain>mobile.celloneusa.com</Domain>
	</Provider>


	<Provider>
		<Name>Orange</Name>
		<Domain>mobile.celloneusa.com</Domain>
	</Provider>


	<Provider>
		<Name>PagePlus Cellular</Name>
		<Domain>vtext.com</Domain>
	</Provider>


	<Provider>
		<Name>Pioneer Cellular</Name>
		<Domain>zsend.com</Domain>
	</Provider>


	<Provider>
		<Name>Pocket Wireless</Name>
		<Domain>sms.pocket.com</Domain>
	</Provider>
 

	<Provider>
		<Name>Qwest Wireless</Name>
		<Domain>qwestmp.com</Domain>
	</Provider>


	<Provider>
		<Name>Red Pocket Mobile</Name>
		<Domain>txt.att.net</Domain>
	</Provider>
 

	<Provider>
		<Name>Rogers Wireless</Name>
		<Domain>pcs.rogers.com</Domain>
	</Provider>


	<Provider>
		<Name>Simple Mobile</Name>
		<Domain>smtext.com</Domain>
	</Provider>


	<Provider>
		<Name>Southernlinc</Name>
		<Domain>page.southernlinc.com</Domain>
	</Provider>
 

	<Provider>
		<Name>South Central Communications</Name>
		<Domain>rinasms.com</Domain>
	</Provider>


	<Provider>
		<Name>Sprint (PCS)</Name>
		<Domain>messaging.sprintpcs.com</Domain>
	</Provider>
 

	<Provider>
		<Name>Nextel (Sprint)</Name>
		<Domain>page.nextel.com</Domain>
	</Provider>

	<Provider>
		<Name>Straight Talk</Name>
		<Domain>vtext.com</Domain>
	</Provider>
 

	<Provider>
		<Name>Syringa Wireless</Name>
		<Domain>rinasms.com</Domain>
	</Provider>


	<Provider>
		<Name>T-Mobile</Name>
		<Domain>tmomail.net</Domain>
	</Provider>
 

	<Provider>
		<Name>Teleflip</Name>
		<Domain>teleflip.com</Domain>
	</Provider>


	<Provider>
		<Name>Telus Mobility</Name>
		<Domain>msg.telus.com</Domain>
	</Provider> 
 


	<Provider>
		<Name>Unicel</Name>
		<Domain>utext.com</Domain>
	</Provider>


	<Provider>
		<Name>US Cellular</Name>
		<Domain>email.uscc.net</Domain>
	</Provider> 

	<Provider>
		<Name>USA Mobility</Name>
		<Domain>usamobility.net</Domain>
	</Provider>
 

	<Provider>
		<Name>Verizon Wireless</Name>
		<Domain>vtext.com</Domain>
	</Provider>


	<Provider>
		<Name>Viaero</Name>
		<Domain>viaerosms.com</Domain>
	</Provider>


	<Provider>
		<Name>Virgin Mobile</Name>
		<Domain>vmobl.com</Domain>
	</Provider> 
 

	<Provider>
		<Name>West Central Wireless</Name>
		<Domain>sms.wcc.net</Domain>
	</Provider>
 

	<Provider>
		<Name>XIT Communications</Name>
		<Domain>ms.xit.net</Domain>
	</Provider>

</SMSProviders>
