<UnKnownKFactorsPowered>
  <One>
    <Intermediate>0 0 0 0 0 0 0 0 0 0 0 0 0 0 0 0 0 0 0 0  8 </Intermediate>
    <Advanced>    0 0 0 0 0 0 0 0 0 0 0 0 0 0 0 0 0 0 0 0 12 </Advanced>
    <Unlimited>   0 0 0 0 0 0 0 0 0 0 0 0 0 0 0 0 0 0 0 0 20 </Unlimited>
  </One>
  <Two>
    <Intermediate>0 0 0 0 0 0 0 0 0 0 0 0 0 0 0 0 0 0 0 0  8 </Intermediate>
    <Advanced>    0 0 0 0 0 0 0 0 0 0 0 0 0 0 0 0 0 0 0 0 12 </Advanced>
    <Unlimited>   0 0 0 0 0 0 0 0 0 0 0 0 0 0 0 0 0 0 0 0 20 </Unlimited>
  </Two>
</UnKnownKFactorsPowered>
