<UnKnownKFactorsGliders>
  <One>
    <Intermediate>0 0 0 0 0 0 0 0 0 0 0 0 0 0 0 0 0 0 0 0 15 </Intermediate>
    <Advanced>0 0 0 0 0 0 0 0 0 0 0 0 0 0 0 0 0 0 0 0 25 </Advanced>
    <Unlimited>0 0 0 0 0 0 0 0 0 0 0 0 0 0 0 0 0 0 0 0 25 </Unlimited>
  </One>
  <Two>
    <Intermediate>0 0 0 0 0 0 0 0 0 0 0 0 0 0 0 0 0 0 0 0 15 </Intermediate>
    <Advanced>0 0 0 0 0 0 0 0 0 0 0 0 0 0 0 0 0 0 0 0 25 </Advanced>
    <Unlimited>0 0 0 0 0 0 0 0 0 0 0 0 0 0 0 0 0 0 0 0 25 </Unlimited>
  </Two>
</UnKnownKFactorsGliders>
