<VolunteerInfo>
  <Volunteers>
  </Volunteers>
  <Categories>
    <Category>Primary</Category>
    <Category>Spo/Adv</Category>
    <Category>Int/Unl</Category>
  </Categories>
  <Flights>
    <Flight>Known</Flight>
    <Flight>Free</Flight>
    <Flight>UnKnown</Flight>
  </Flights>
  <Jobs>
    <Job>
      <Name>Starter</Name>
      <Number>1</Number>
    </Job>
    <Job>
      <Name>Chief Judge</Name>
      <Number>1</Number>
    </Job>
    <Job>
      <Name>Line Judge</Name>
      <Number>5</Number>
    </Job>
    <Job>
      <Name>Assistant</Name>
      <Number>6</Number>
    </Job>
    <Job>
      <Name>Recorder</Name>
      <Number>5</Number>
    </Job>
    <Job>
      <Name>Boundary</Name>
      <Number>2</Number>
    </Job>
    <Job>
      <Name>Panels</Name>
      <Number>1</Number>
    </Job>
    <Job>
      <Name>Runner</Name>
      <Number>1</Number>
    </Job>
  </Jobs>
  <Assignments>
  </Assignments>
</VolunteerInfo>
